{"cameraMode":{"drawMode":0,"name":"Shaded","section":"Shading Mode"},"sceneLighting":false,"audioPlay":false,"sceneViewState":{"m_AlwaysRefresh":false,"showFog":true,"showSkybox":false,"showFlares":true,"showImageEffects":true,"showParticleSystems":true,"showVisualEffectGraphs":true,"m_FxEnabled":true},"in2DMode":false,"pivot":{"x":-24.09397315979004,"y":-23.47892189025879,"z":16.13479995727539},"rotation":{"x":0.22584481537342072,"y":0.03944103419780731,"z":-0.009151896461844445,"w":0.9733235239982605},"size":0.7093594074249268,"orthographic":false}