{"cameraMode":{"drawMode":0,"name":"Shaded","section":"Shading Mode"},"sceneLighting":false,"audioPlay":false,"sceneViewState":{"m_AlwaysRefresh":false,"showFog":true,"showSkybox":false,"showFlares":true,"showImageEffects":true,"showParticleSystems":true,"showVisualEffectGraphs":true,"m_FxEnabled":true},"in2DMode":false,"pivot":{"x":-0.07334515452384949,"y":-0.12635092437267304,"z":0.012124717235565186},"rotation":{"x":0.025496831163764,"y":-0.005625678226351738,"z":0.00014350614219438285,"w":0.999660313129425},"size":1.2313568592071534,"orthographic":true}