{"cameraMode":{"drawMode":0,"name":"Shaded","section":"Shading Mode"},"sceneLighting":false,"audioPlay":false,"sceneViewState":{"m_AlwaysRefresh":false,"showFog":true,"showSkybox":false,"showFlares":true,"showImageEffects":true,"showParticleSystems":true,"showVisualEffectGraphs":true,"m_FxEnabled":true},"in2DMode":false,"pivot":{"x":-23.78322982788086,"y":-23.407407760620118,"z":14.954362869262696},"rotation":{"x":-0.05679084360599518,"y":-0.2372959405183792,"z":-0.013897711411118508,"w":0.9696764349937439},"size":1.4248199462890626,"orthographic":false}